{
    "miniprogramRoot": "miniprogram/",
    "cloudfunctionRoot": "cloudfunctions/",
    "setting": {
        "urlCheck": true,
        "es6": true,
        "enhance": true,
        "postcss": true,
        "preloadBackgroundData": false,
        "minified": true,
        "newFeature": true,
        "coverView": true,
        "nodeModules": false,
        "autoAudits": false,
        "showShadowRootInWxmlPanel": true,
        "scopeDataCheck": false,
        "uglifyFileName": false,
        "checkInvalidKey": true,
        "checkSiteMap": true,
        "uploadWithSourceMap": true,
        "compileHotReLoad": false,
        "useMultiFrameRuntime": true,
        "useApiHook": true,
        "useApiHostProcess": true,
        "babelSetting": {
            "ignore": [],
            "disablePlugins": [],
            "outputPath": ""
        },
        "enableEngineNative": false,
        "useIsolateContext": true,
        "useCompilerModule": true,
        "userConfirmedUseCompilerModuleSwitch": false,
        "userConfirmedBundleSwitch": false,
        "packNpmManually": false,
        "packNpmRelationList": [],
        "minifyWXSS": true
    },
    "appid": "wx784e1fc4335160e4",
    "projectname": "%E6%B0%B4%E6%9C%A8%E7%82%B9%E8%AF%84",
    "libVersion": "2.20.2",
    "cloudfunctionTemplateRoot": "cloudfunctionTemplate",
    "condition": {
        "search": {
            "list": []
        },
        "conversation": {
            "list": []
        },
        "plugin": {
            "list": []
        },
        "game": {
            "list": []
        },
        "miniprogram": {
            "list": [
                {
                    "id": -1,
                    "name": "db guide",
                    "pathName": "pages/databaseGuide/databaseGuide"
                }
            ]
        }
    }
}